login_id,ipadd,previous_login,userid
1,130.65.254.17,"2025-05-07 15:35:05.909606",1
2,130.65.254.17,"2025-05-07 15:36:17.327574",2
3,130.65.254.17,"2025-05-07 15:41:58.944563",2
4,130.65.254.17,"2025-05-07 15:53:06.096749",2
5,130.65.254.17,"2025-05-07 15:53:53.304452",3
6,130.65.254.17,"2025-05-08 14:25:55.024477",1
7,203.0.113.45,"2025-05-08 09:17:22.234567",1340
8,198.51.100.67,"2025-05-08 09:20:13.345678",1341
9,144.217.23.11,"2025-05-08 09:22:45.456789",1342
10,3.125.12.56,"2025-05-08 09:25:38.567890",1343
11,54.85.164.209,"2025-05-08 09:28:10.678901",1344
12,13.32.24.98,"2025-05-08 09:30:01.789012",1345
13,45.33.82.123,"2025-05-08 09:33:55.890123",1346
14,172.217.3.110,"2025-05-08 09:35:44.901234",1347
15,13.107.21.200,"2025-05-08 09:38:29.012345",1348
16,185.199.110.153,"2025-05-08 09:40:11.123456",1349
17,151.101.1.69,"2025-05-08 09:42:46.234567",1350
18,104.16.133.229,"2025-05-08 09:45:32.345678",1351
19,23.235.33.229,"2025-05-08 09:47:19.456789",1352
20,34.194.164.123,"2025-05-08 09:50:05.567890",1353
21,54.239.55.20,"2025-05-08 09:52:47.678901",1354
22,52.88.104.32,"2025-05-08 09:55:22.789012",1355
23,54.85.12.130,"2025-05-08 09:57:11.890123",1356
24,99.84.12.34,"2025-05-08 10:00:00.901234",1357
25,121.58.210.67,"2025-05-08 10:02:45.012345",1358
26,182.75.23.4,"2025-05-08 10:05:32.123456",1359
27,203.145.36.18,"2025-05-08 10:07:19.234567",1360
28,98.137.11.163,"2025-05-08 10:10:05.345678",1361
29,157.240.1.35,"2025-05-08 10:12:50.456789",1362
30,203.120.223.10,"2025-05-01 08:12:33.123456",1
31,98.139.180.149,"2025-05-01 09:14:22.234567",1
32,192.0.2.44,"2025-05-01 10:16:11.345678",1
33,203.187.200.15,"2025-05-01 11:18:55.456789",100
34,88.198.45.122,"2025-05-02 12:20:44.567890",100
35,147.75.58.245,"2025-05-02 13:22:33.678901",1
36,103.21.244.12,"2025-05-03 14:24:22.789012",1
37,35.196.78.90,"2025-05-02 07:11:21.112233",1357
38,54.213.60.95,"2025-05-02 08:13:32.223344",2
39,44.240.16.230,"2025-05-03 09:15:43.334455",2
40,35.181.21.135,"2025-05-02 10:17:54.445566",2
41,13.35.11.18,"2025-05-02 11:19:05.556677",1358
42,54.239.123.44,"2025-05-02 12:21:16.667788",1359
43,52.10.204.95,"2025-05-02 13:23:27.778899",1358
44,18.205.93.89,"2025-05-03 06:10:10.010101",1362
45,76.223.34.50,"2025-05-03 07:12:20.020202",3
46,143.204.177.103,"2025-05-04 08:14:30.030303",3
47,3.215.13.42,"2025-05-04 09:16:40.040404",3
48,52.58.24.110,"2025-05-04 10:18:50.050505",3
49,99.83.190.76,"2025-05-04 11:20:00.060606",3
